Allocations,Size(bytes),time_wm_malloc,time_malloc,ratio,Result
10000,128,26.085,1.176,22.181,malloc is faster
9000,256,20.619,1.323,15.581,malloc is faster
8000,1024,17.338,3.315,5.231,malloc is faster
7000,4096,16.414,11.424,1.437,malloc is faster
5000,16384,17.940,35.142,0.510,wm_malloc is faster
1000,65536,3.503,28.600,0.122,wm_malloc is faster
500,262144,37.981,46.104,0.824,wm_malloc is faster
100,1048576,27.535,23.151,1.189,malloc is faster
80,1048576,18.526,19.603,0.945,wm_malloc is faster
70,1048576,18.366,27.564,0.666,wm_malloc is faster
30,1048576,6.131,9.755,0.628,wm_malloc is faster
20,1048576,3.846,6.993,0.550,wm_malloc is faster
10000,128,26.389,1.067,24.721,malloc is faster
9000,256,21.346,1.202,17.759,malloc is faster
8000,1024,18.229,3.120,5.842,malloc is faster
7000,4096,15.044,12.209,1.232,malloc is faster
5000,16384,14.442,35.403,0.408,wm_malloc is faster
1000,65536,5.168,29.592,0.175,wm_malloc is faster
500,262144,36.532,42.847,0.853,wm_malloc is faster
100,1048576,32.066,23.387,1.371,malloc is faster
80,1048576,19.625,19.541,1.004,malloc is faster
70,1048576,17.308,18.953,0.913,wm_malloc is faster
30,1048576,6.960,8.330,0.836,wm_malloc is faster
20,1048576,4.471,8.134,0.550,wm_malloc is faster
10000,128,25.819,1.248,20.696,malloc is faster
9000,256,20.579,1.295,15.892,malloc is faster
8000,1024,16.925,3.381,5.006,malloc is faster
7000,4096,14.795,13.087,1.131,malloc is faster
5000,16384,11.394,34.832,0.327,wm_malloc is faster
1000,65536,7.972,30.244,0.264,wm_malloc is faster
500,262144,39.950,45.028,0.887,wm_malloc is faster
100,1048576,27.245,23.773,1.146,malloc is faster
80,1048576,18.837,20.522,0.918,wm_malloc is faster
70,1048576,17.795,19.093,0.932,wm_malloc is faster
30,1048576,8.276,7.762,1.066,malloc is faster
20,1048576,4.026,4.506,0.893,wm_malloc is faster
10000,128,26.004,1.004,25.900,malloc is faster
9000,256,20.961,1.226,17.104,malloc is faster
8000,1024,17.197,3.437,5.003,malloc is faster
7000,4096,14.256,11.306,1.261,malloc is faster
5000,16384,12.935,33.693,0.384,wm_malloc is faster
1000,65536,3.598,28.067,0.128,wm_malloc is faster
500,262144,33.712,41.786,0.807,wm_malloc is faster
100,1048576,30.494,24.516,1.244,malloc is faster
80,1048576,22.827,19.627,1.163,malloc is faster
70,1048576,21.683,22.281,0.973,wm_malloc is faster
30,1048576,9.958,9.739,1.023,malloc is faster
20,1048576,4.268,9.158,0.466,wm_malloc is faster
10000,128,28.456,1.584,17.960,malloc is faster
9000,256,21.093,1.654,12.751,malloc is faster
8000,1024,16.812,3.070,5.477,malloc is faster
7000,4096,14.185,11.549,1.228,malloc is faster
5000,16384,11.387,33.524,0.340,wm_malloc is faster
1000,65536,4.504,28.564,0.158,wm_malloc is faster
500,262144,35.380,45.256,0.782,wm_malloc is faster
100,1048576,22.475,23.192,0.969,wm_malloc is faster
80,1048576,18.495,20.532,0.901,wm_malloc is faster
70,1048576,19.232,18.313,1.050,malloc is faster
30,1048576,7.992,8.470,0.944,wm_malloc is faster
20,1048576,4.065,4.643,0.875,wm_malloc is faster
10000,128,26.137,1.006,25.981,malloc is faster
9000,256,20.476,1.252,16.355,malloc is faster
8000,1024,16.875,3.366,5.013,malloc is faster
7000,4096,14.658,11.278,1.300,malloc is faster
5000,16384,12.794,34.962,0.366,wm_malloc is faster
1000,65536,5.669,27.636,0.205,wm_malloc is faster
500,262144,35.629,46.808,0.761,wm_malloc is faster
100,1048576,27.723,24.316,1.140,malloc is faster
80,1048576,19.221,19.889,0.966,wm_malloc is faster
70,1048576,16.524,17.780,0.929,wm_malloc is faster
30,1048576,7.542,9.648,0.782,wm_malloc is faster
20,1048576,3.930,6.173,0.637,wm_malloc is faster
10000,128,25.166,1.669,15.075,malloc is faster
9000,256,20.646,1.158,17.824,malloc is faster
8000,1024,18.148,4.697,3.863,malloc is faster
7000,4096,16.742,13.334,1.256,malloc is faster
5000,16384,20.306,39.917,0.509,wm_malloc is faster
1000,65536,8.588,26.919,0.319,wm_malloc is faster
500,262144,35.278,45.381,0.777,wm_malloc is faster
100,1048576,25.290,24.109,1.049,malloc is faster
80,1048576,18.463,18.974,0.973,wm_malloc is faster
70,1048576,16.309,16.695,0.977,wm_malloc is faster
30,1048576,9.796,6.652,1.473,malloc is faster
20,1048576,3.882,4.380,0.886,wm_malloc is faster
10000,128,25.137,0.943,26.671,malloc is faster
9000,256,20.352,1.797,11.326,malloc is faster
8000,1024,16.772,2.799,5.992,malloc is faster
7000,4096,14.173,11.530,1.229,malloc is faster
5000,16384,14.284,33.510,0.426,wm_malloc is faster
1000,65536,5.401,27.428,0.197,wm_malloc is faster
500,262144,34.306,40.575,0.845,wm_malloc is faster
100,1048576,31.769,28.432,1.117,malloc is faster
80,1048576,19.864,19.919,0.997,wm_malloc is faster
70,1048576,16.058,16.881,0.951,wm_malloc is faster
30,1048576,6.288,8.020,0.784,wm_malloc is faster
20,1048576,4.435,4.463,0.994,wm_malloc is faster
10000,128,25.076,0.940,26.688,malloc is faster
9000,256,20.424,1.269,16.093,malloc is faster
8000,1024,16.697,3.234,5.163,malloc is faster
7000,4096,13.893,9.202,1.510,malloc is faster
5000,16384,11.473,35.611,0.322,wm_malloc is faster
1000,65536,4.301,28.708,0.150,wm_malloc is faster
500,262144,34.007,42.535,0.800,wm_malloc is faster
100,1048576,23.362,23.263,1.004,malloc is faster
80,1048576,19.108,20.676,0.924,wm_malloc is faster
70,1048576,16.164,16.679,0.969,wm_malloc is faster
30,1048576,6.784,7.316,0.927,wm_malloc is faster
20,1048576,4.107,4.426,0.928,wm_malloc is faster
10000,128,25.203,0.929,27.129,malloc is faster
9000,256,20.410,1.040,19.625,malloc is faster
8000,1024,16.854,2.862,5.888,malloc is faster
7000,4096,16.005,11.274,1.420,malloc is faster
5000,16384,12.922,34.753,0.372,wm_malloc is faster
1000,65536,5.570,27.003,0.206,wm_malloc is faster
500,262144,33.322,41.540,0.802,wm_malloc is faster
100,1048576,22.779,23.687,0.962,wm_malloc is faster
80,1048576,18.642,20.331,0.917,wm_malloc is faster
70,1048576,16.045,19.092,0.840,wm_malloc is faster
30,1048576,6.348,9.094,0.698,wm_malloc is faster
20,1048576,3.815,5.874,0.650,wm_malloc is faster
10000,128,25.102,1.572,15.971,malloc is faster
9000,256,20.369,1.193,17.075,malloc is faster
8000,1024,18.054,2.460,7.338,malloc is faster
7000,4096,14.054,9.263,1.517,malloc is faster
5000,16384,10.847,35.836,0.303,wm_malloc is faster
1000,65536,6.684,29.260,0.228,wm_malloc is faster
500,262144,33.977,42.298,0.803,wm_malloc is faster
100,1048576,26.215,23.520,1.115,malloc is faster
80,1048576,18.816,21.299,0.883,wm_malloc is faster
70,1048576,20.017,20.341,0.984,wm_malloc is faster
30,1048576,8.629,8.514,1.013,malloc is faster
20,1048576,4.520,5.091,0.888,wm_malloc is faster
10000,128,25.429,0.998,25.483,malloc is faster
9000,256,20.464,1.156,17.697,malloc is faster
8000,1024,17.059,2.848,5.990,malloc is faster
7000,4096,14.618,10.465,1.397,malloc is faster
5000,16384,11.464,32.831,0.349,wm_malloc is faster
1000,65536,4.106,16.837,0.244,wm_malloc is faster
500,262144,34.654,44.877,0.772,wm_malloc is faster
100,1048576,25.941,23.233,1.117,malloc is faster
80,1048576,18.617,19.900,0.936,wm_malloc is faster
70,1048576,14.754,19.272,0.766,wm_malloc is faster
30,1048576,6.145,8.879,0.692,wm_malloc is faster
20,1048576,3.761,6.100,0.617,wm_malloc is faster
10000,128,25.445,1.047,24.308,malloc is faster
9000,256,20.556,1.120,18.352,malloc is faster
8000,1024,16.916,2.305,7.338,malloc is faster
7000,4096,17.708,10.166,1.742,malloc is faster
5000,16384,11.444,36.547,0.313,wm_malloc is faster
1000,65536,3.461,18.114,0.191,wm_malloc is faster
500,262144,34.139,37.438,0.912,wm_malloc is faster
100,1048576,23.362,25.697,0.909,wm_malloc is faster
80,1048576,20.331,19.787,1.028,malloc is faster
70,1048576,18.605,17.693,1.051,malloc is faster
30,1048576,10.751,7.660,1.403,malloc is faster
20,1048576,4.026,4.397,0.916,wm_malloc is faster
10000,128,25.249,5.122,4.930,malloc is faster
9000,256,20.497,1.069,19.177,malloc is faster
8000,1024,16.755,2.792,6.001,malloc is faster
7000,4096,13.958,11.657,1.197,malloc is faster
5000,16384,12.945,30.447,0.425,wm_malloc is faster
1000,65536,5.873,13.842,0.424,wm_malloc is faster
500,262144,32.670,42.572,0.767,wm_malloc is faster
100,1048576,22.508,23.994,0.938,wm_malloc is faster
80,1048576,18.817,19.289,0.976,wm_malloc is faster
70,1048576,14.685,22.199,0.662,wm_malloc is faster
30,1048576,6.438,9.092,0.708,wm_malloc is faster
20,1048576,5.413,5.184,1.044,malloc is faster
10000,128,26.332,1.116,23.601,malloc is faster
9000,256,20.484,1.575,13.008,malloc is faster
8000,1024,16.782,2.256,7.439,malloc is faster
7000,4096,14.354,7.247,1.981,malloc is faster
5000,16384,11.073,22.779,0.486,wm_malloc is faster
1000,65536,3.788,10.887,0.348,wm_malloc is faster
500,262144,32.600,37.615,0.867,wm_malloc is faster
100,1048576,23.509,25.059,0.938,wm_malloc is faster
80,1048576,18.749,21.349,0.878,wm_malloc is faster
70,1048576,16.282,16.352,0.996,wm_malloc is faster
30,1048576,7.120,7.617,0.935,wm_malloc is faster
20,1048576,3.818,4.781,0.799,wm_malloc is faster
10000,128,25.246,0.960,26.311,malloc is faster
9000,256,21.830,1.060,20.593,malloc is faster
8000,1024,16.890,2.814,6.002,malloc is faster
7000,4096,14.155,10.855,1.304,malloc is faster
5000,16384,13.434,30.313,0.443,wm_malloc is faster
1000,65536,5.531,9.860,0.561,wm_malloc is faster
500,262144,32.484,34.558,0.940,wm_malloc is faster
100,1048576,22.347,22.725,0.983,wm_malloc is faster
80,1048576,18.005,18.898,0.953,wm_malloc is faster
70,1048576,15.240,20.508,0.743,wm_malloc is faster
30,1048576,6.443,8.162,0.789,wm_malloc is faster
20,1048576,4.072,5.943,0.685,wm_malloc is faster
10000,128,25.054,0.698,35.899,malloc is faster
9000,256,20.384,0.761,26.785,malloc is faster
8000,1024,18.064,1.581,11.429,malloc is faster
7000,4096,14.110,2.944,4.793,malloc is faster
5000,16384,11.211,18.120,0.619,wm_malloc is faster
1000,65536,3.335,8.444,0.395,wm_malloc is faster
500,262144,32.922,32.151,1.024,malloc is faster
100,1048576,23.125,23.422,0.987,wm_malloc is faster
80,1048576,18.587,18.204,1.021,malloc is faster
70,1048576,16.163,18.637,0.867,wm_malloc is faster
30,1048576,7.207,8.081,0.892,wm_malloc is faster
20,1048576,4.141,5.661,0.731,wm_malloc is faster
10000,128,25.171,0.914,27.527,malloc is faster
9000,256,20.735,0.740,28.021,malloc is faster
8000,1024,17.923,1.990,9.006,malloc is faster
7000,4096,13.928,3.098,4.496,malloc is faster
5000,16384,10.901,16.507,0.660,wm_malloc is faster
1000,65536,3.380,7.208,0.469,wm_malloc is faster
500,262144,33.249,31.837,1.044,malloc is faster
100,1048576,26.863,21.649,1.241,malloc is faster
80,1048576,19.219,19.573,0.982,wm_malloc is faster
70,1048576,15.185,17.026,0.892,wm_malloc is faster
30,1048576,6.681,9.147,0.730,wm_malloc is faster
20,1048576,3.931,5.003,0.786,wm_malloc is faster
10000,128,25.072,1.276,19.649,malloc is faster
9000,256,20.375,0.769,26.495,malloc is faster
8000,1024,16.743,1.725,9.708,malloc is faster
7000,4096,14.115,3.338,4.229,malloc is faster
5000,16384,11.828,15.408,0.768,wm_malloc is faster
1000,65536,3.780,7.409,0.510,wm_malloc is faster
500,262144,32.783,27.660,1.185,malloc is faster
100,1048576,25.645,26.103,0.982,wm_malloc is faster
80,1048576,18.931,19.496,0.971,wm_malloc is faster
70,1048576,17.707,17.518,1.011,malloc is faster
30,1048576,7.294,8.374,0.871,wm_malloc is faster
20,1048576,3.861,5.723,0.675,wm_malloc is faster
10000,128,25.186,1.446,17.417,malloc is faster
9000,256,20.359,0.744,27.357,malloc is faster
8000,1024,16.863,1.879,8.973,malloc is faster
7000,4096,14.193,2.604,5.450,malloc is faster
5000,16384,10.961,13.281,0.825,wm_malloc is faster
1000,65536,3.363,13.688,0.246,wm_malloc is faster
500,262144,34.207,33.699,1.015,malloc is faster
100,1048576,22.940,22.694,1.011,malloc is faster
80,1048576,17.988,18.858,0.954,wm_malloc is faster
70,1048576,15.377,21.375,0.719,wm_malloc is faster
30,1048576,6.348,8.065,0.787,wm_malloc is faster
20,1048576,3.835,5.694,0.673,wm_malloc is faster
10000,128,26.854,2.460,10.916,malloc is faster
9000,256,22.681,1.167,19.433,malloc is faster
8000,1024,17.768,5.037,3.527,malloc is faster
7000,4096,15.011,7.700,1.950,malloc is faster
5000,16384,19.881,22.562,0.881,wm_malloc is faster
1000,65536,4.297,10.050,0.428,wm_malloc is faster
500,262144,33.867,31.071,1.090,malloc is faster
100,1048576,28.063,24.274,1.156,malloc is faster
80,1048576,18.770,20.147,0.932,wm_malloc is faster
70,1048576,18.391,17.695,1.039,malloc is faster
30,1048576,10.009,7.000,1.430,malloc is faster
20,1048576,4.010,5.136,0.781,wm_malloc is faster
10000,128,25.221,0.810,31.144,malloc is faster
9000,256,20.723,0.861,24.074,malloc is faster
8000,1024,16.812,1.523,11.036,malloc is faster
7000,4096,15.493,10.233,1.514,malloc is faster
5000,16384,14.517,29.315,0.495,wm_malloc is faster
1000,65536,4.903,9.309,0.527,wm_malloc is faster
500,262144,33.571,29.270,1.147,malloc is faster
100,1048576,23.233,23.517,0.988,wm_malloc is faster
80,1048576,21.759,19.026,1.144,malloc is faster
70,1048576,17.957,16.694,1.076,malloc is faster
30,1048576,6.701,7.533,0.890,wm_malloc is faster
20,1048576,3.958,4.316,0.917,wm_malloc is faster
10000,128,25.229,0.771,32.735,malloc is faster
9000,256,21.131,0.781,27.064,malloc is faster
8000,1024,16.913,1.469,11.515,malloc is faster
7000,4096,15.426,5.038,3.062,malloc is faster
5000,16384,11.161,10.612,1.052,malloc is faster
1000,65536,3.576,5.270,0.679,wm_malloc is faster
500,262144,32.791,24.238,1.353,malloc is faster
100,1048576,23.442,22.760,1.030,malloc is faster
80,1048576,21.716,17.985,1.207,malloc is faster
70,1048576,16.145,17.426,0.926,wm_malloc is faster
30,1048576,6.442,7.432,0.867,wm_malloc is faster
20,1048576,3.869,4.363,0.887,wm_malloc is faster
10000,128,25.733,0.806,31.922,malloc is faster
9000,256,20.644,0.776,26.604,malloc is faster
8000,1024,16.767,1.446,11.593,malloc is faster
7000,4096,14.540,2.944,4.938,malloc is faster
5000,16384,10.818,11.172,0.968,wm_malloc is faster
1000,65536,6.398,5.600,1.142,malloc is faster
500,262144,33.794,25.450,1.328,malloc is faster
100,1048576,22.820,23.616,0.966,wm_malloc is faster
80,1048576,19.746,20.869,0.946,wm_malloc is faster
70,1048576,16.678,17.639,0.946,wm_malloc is faster
30,1048576,6.371,7.944,0.802,wm_malloc is faster
20,1048576,3.945,4.482,0.880,wm_malloc is faster
10000,128,25.256,0.840,30.063,malloc is faster
9000,256,20.399,0.837,24.374,malloc is faster
8000,1024,16.847,1.667,10.107,malloc is faster
7000,4096,14.402,2.725,5.285,malloc is faster
5000,16384,12.854,10.105,1.272,malloc is faster
1000,65536,4.056,5.995,0.677,wm_malloc is faster
500,262144,33.032,23.079,1.431,malloc is faster
100,1048576,23.271,23.393,0.995,wm_malloc is faster
80,1048576,20.342,18.785,1.083,malloc is faster
70,1048576,16.347,18.856,0.867,wm_malloc is faster
30,1048576,6.289,9.549,0.659,wm_malloc is faster
20,1048576,3.827,6.176,0.620,wm_malloc is faster
10000,128,25.105,0.923,27.202,malloc is faster
9000,256,20.389,0.777,26.250,malloc is faster
8000,1024,18.184,1.721,10.566,malloc is faster
7000,4096,14.032,2.791,5.027,malloc is faster
5000,16384,12.717,12.464,1.020,malloc is faster
1000,65536,3.745,7.141,0.524,wm_malloc is faster
500,262144,33.461,21.410,1.563,malloc is faster
100,1048576,23.706,23.456,1.011,malloc is faster
80,1048576,18.548,20.019,0.926,wm_malloc is faster
70,1048576,17.016,18.208,0.935,wm_malloc is faster
30,1048576,7.600,6.595,1.152,malloc is faster
20,1048576,5.031,4.395,1.145,malloc is faster
10000,128,25.127,0.750,33.481,malloc is faster
9000,256,20.330,0.713,28.533,malloc is faster
8000,1024,16.909,1.465,11.539,malloc is faster
7000,4096,14.002,3.397,4.122,malloc is faster
5000,16384,12.682,7.747,1.637,malloc is faster
1000,65536,4.218,5.170,0.816,wm_malloc is faster
500,262144,32.030,22.413,1.429,malloc is faster
100,1048576,25.440,22.442,1.134,malloc is faster
80,1048576,19.555,19.341,1.011,malloc is faster
70,1048576,15.995,18.754,0.853,wm_malloc is faster
30,1048576,6.205,8.892,0.698,wm_malloc is faster
20,1048576,4.252,4.797,0.886,wm_malloc is faster
10000,128,25.105,1.295,19.383,malloc is faster
9000,256,20.433,0.766,26.657,malloc is faster
8000,1024,16.703,1.566,10.668,malloc is faster
7000,4096,14.173,2.704,5.241,malloc is faster
5000,16384,11.757,7.476,1.573,malloc is faster
1000,65536,6.435,5.145,1.251,malloc is faster
500,262144,42.343,22.889,1.850,malloc is faster
100,1048576,23.513,24.616,0.955,wm_malloc is faster
80,1048576,18.395,21.475,0.857,wm_malloc is faster
70,1048576,16.062,21.752,0.738,wm_malloc is faster
30,1048576,5.968,9.690,0.616,wm_malloc is faster
20,1048576,5.200,5.067,1.026,malloc is faster
10000,128,25.220,0.708,35.647,malloc is faster
9000,256,20.636,0.873,23.651,malloc is faster
8000,1024,17.181,1.549,11.090,malloc is faster
7000,4096,14.342,2.922,4.908,malloc is faster
5000,16384,12.286,10.107,1.216,malloc is faster
1000,65536,4.311,8.942,0.482,wm_malloc is faster
500,262144,34.002,18.491,1.839,malloc is faster
100,1048576,22.764,25.661,0.887,wm_malloc is faster
80,1048576,19.046,19.177,0.993,wm_malloc is faster
70,1048576,16.283,16.762,0.971,wm_malloc is faster
30,1048576,7.843,8.836,0.888,wm_malloc is faster
20,1048576,3.907,4.950,0.789,wm_malloc is faster
10000,128,25.105,0.681,36.860,malloc is faster
9000,256,20.334,1.728,11.766,malloc is faster
8000,1024,16.777,1.446,11.605,malloc is faster
7000,4096,14.137,2.796,5.057,malloc is faster
5000,16384,11.858,9.434,1.257,malloc is faster
1000,65536,4.053,7.658,0.529,wm_malloc is faster
500,262144,35.050,17.777,1.972,malloc is faster
100,1048576,23.127,22.935,1.008,malloc is faster
80,1048576,18.347,18.851,0.973,wm_malloc is faster
70,1048576,15.066,20.729,0.727,wm_malloc is faster
30,1048576,5.952,7.917,0.752,wm_malloc is faster
20,1048576,3.848,5.557,0.692,wm_malloc is faster
10000,128,25.115,0.896,28.039,malloc is faster
9000,256,20.399,0.706,28.898,malloc is faster
8000,1024,16.827,1.953,8.615,malloc is faster
7000,4096,14.072,2.748,5.121,malloc is faster
5000,16384,11.671,6.880,1.696,malloc is faster
1000,65536,5.339,5.205,1.026,malloc is faster
500,262144,34.095,16.513,2.065,malloc is faster
100,1048576,22.076,23.945,0.922,wm_malloc is faster
80,1048576,18.075,18.985,0.952,wm_malloc is faster
70,1048576,16.897,17.004,0.994,wm_malloc is faster
30,1048576,8.175,7.255,1.127,malloc is faster
20,1048576,4.953,4.461,1.110,malloc is faster
10000,128,25.188,0.704,35.774,malloc is faster
9000,256,20.390,0.754,27.036,malloc is faster
8000,1024,16.716,1.383,12.083,malloc is faster
7000,4096,14.127,2.790,5.064,malloc is faster
5000,16384,12.573,8.586,1.464,malloc is faster
1000,65536,4.271,4.936,0.865,wm_malloc is faster
500,262144,34.381,17.872,1.924,malloc is faster
100,1048576,25.342,22.443,1.129,malloc is faster
80,1048576,19.570,20.957,0.934,wm_malloc is faster
70,1048576,16.517,18.535,0.891,wm_malloc is faster
30,1048576,6.588,7.840,0.840,wm_malloc is faster
20,1048576,4.461,5.028,0.887,wm_malloc is faster
10000,128,25.424,0.738,34.432,malloc is faster
9000,256,20.404,0.750,27.209,malloc is faster
8000,1024,17.022,1.511,11.266,malloc is faster
7000,4096,14.053,4.707,2.985,malloc is faster
5000,16384,11.982,7.612,1.574,malloc is faster
1000,65536,5.381,5.579,0.965,wm_malloc is faster
500,262144,33.792,15.777,2.142,malloc is faster
100,1048576,22.560,23.071,0.978,wm_malloc is faster
80,1048576,18.542,20.621,0.899,wm_malloc is faster
70,1048576,16.966,18.813,0.902,wm_malloc is faster
30,1048576,6.412,8.601,0.745,wm_malloc is faster
20,1048576,5.256,4.717,1.114,malloc is faster
10000,128,25.122,0.687,36.552,malloc is faster
9000,256,20.326,0.728,27.905,malloc is faster
8000,1024,16.653,1.426,11.681,malloc is faster
7000,4096,14.618,3.163,4.622,malloc is faster
5000,16384,12.894,8.360,1.542,malloc is faster
1000,65536,6.237,8.059,0.774,wm_malloc is faster
500,262144,33.824,15.185,2.227,malloc is faster
100,1048576,23.729,22.290,1.065,malloc is faster
80,1048576,19.426,20.933,0.928,wm_malloc is faster
70,1048576,16.248,20.009,0.812,wm_malloc is faster
30,1048576,6.371,8.693,0.733,wm_malloc is faster
20,1048576,4.037,4.382,0.921,wm_malloc is faster
10000,128,25.098,0.637,39.418,malloc is faster
9000,256,20.272,0.714,28.404,malloc is faster
8000,1024,16.657,1.432,11.629,malloc is faster
7000,4096,13.948,4.842,2.881,malloc is faster
5000,16384,11.029,6.802,1.621,malloc is faster
1000,65536,6.084,5.073,1.199,malloc is faster
500,262144,33.823,17.351,1.949,malloc is faster
100,1048576,21.762,23.197,0.938,wm_malloc is faster
80,1048576,18.187,20.333,0.894,wm_malloc is faster
70,1048576,16.950,17.039,0.995,wm_malloc is faster
30,1048576,6.556,9.699,0.676,wm_malloc is faster
20,1048576,5.087,4.905,1.037,malloc is faster
10000,128,25.075,0.774,32.380,malloc is faster
9000,256,20.336,0.720,28.260,malloc is faster
8000,1024,16.812,1.429,11.767,malloc is faster
7000,4096,14.036,2.806,5.002,malloc is faster
5000,16384,13.208,9.427,1.401,malloc is faster
1000,65536,5.051,8.265,0.611,wm_malloc is faster
500,262144,34.427,15.019,2.292,malloc is faster
100,1048576,23.492,22.950,1.024,malloc is faster
80,1048576,20.015,21.177,0.945,wm_malloc is faster
70,1048576,16.253,17.041,0.954,wm_malloc is faster
30,1048576,7.389,11.152,0.663,wm_malloc is faster
20,1048576,3.986,5.733,0.695,wm_malloc is faster
10000,128,25.221,0.795,31.704,malloc is faster
9000,256,20.424,0.751,27.181,malloc is faster
8000,1024,18.037,1.467,12.292,malloc is faster
7000,4096,14.283,2.846,5.018,malloc is faster
5000,16384,13.137,7.607,1.727,malloc is faster
1000,65536,3.761,5.237,0.718,wm_malloc is faster
500,262144,33.440,17.595,1.901,malloc is faster
100,1048576,23.161,24.197,0.957,wm_malloc is faster
80,1048576,18.200,19.072,0.954,wm_malloc is faster
70,1048576,16.553,18.369,0.901,wm_malloc is faster
30,1048576,8.144,7.270,1.120,malloc is faster
20,1048576,4.781,4.420,1.082,malloc is faster
10000,128,25.234,0.695,36.288,malloc is faster
9000,256,20.393,0.890,22.911,malloc is faster
8000,1024,16.743,1.457,11.493,malloc is faster
7000,4096,14.208,3.420,4.154,malloc is faster
5000,16384,12.736,8.437,1.510,malloc is faster
1000,65536,4.556,6.932,0.657,wm_malloc is faster
500,262144,34.406,15.317,2.246,malloc is faster
100,1048576,23.345,22.715,1.028,malloc is faster
80,1048576,18.331,21.160,0.866,wm_malloc is faster
70,1048576,16.222,18.277,0.888,wm_malloc is faster
30,1048576,7.274,7.306,0.996,wm_malloc is faster
20,1048576,3.911,4.343,0.900,wm_malloc is faster
10000,128,25.665,0.655,39.177,malloc is faster
9000,256,20.360,0.722,28.196,malloc is faster
8000,1024,16.724,1.462,11.441,malloc is faster
7000,4096,14.072,3.194,4.406,malloc is faster
5000,16384,10.866,20.885,0.520,wm_malloc is faster
1000,65536,5.512,24.987,0.221,wm_malloc is faster
500,262144,33.953,21.141,1.606,malloc is faster
100,1048576,22.577,23.165,0.975,wm_malloc is faster
80,1048576,18.137,18.650,0.972,wm_malloc is faster
70,1048576,17.448,18.632,0.936,wm_malloc is faster
30,1048576,8.161,7.879,1.036,malloc is faster
20,1048576,4.843,4.309,1.124,malloc is faster
10000,128,25.085,11.029,2.274,malloc is faster
9000,256,20.477,1.115,18.361,malloc is faster
8000,1024,17.011,3.884,4.380,malloc is faster
7000,4096,14.085,10.351,1.361,malloc is faster
5000,16384,10.846,29.127,0.372,wm_malloc is faster
1000,65536,6.065,8.201,0.740,wm_malloc is faster
500,262144,34.270,18.069,1.897,malloc is faster
100,1048576,23.337,27.873,0.837,wm_malloc is faster
80,1048576,18.933,20.146,0.940,wm_malloc is faster
70,1048576,19.002,17.424,1.091,malloc is faster
30,1048576,6.916,9.267,0.746,wm_malloc is faster
20,1048576,3.961,6.077,0.652,wm_malloc is faster
10000,128,25.302,0.710,35.632,malloc is faster
9000,256,20.351,0.734,27.712,malloc is faster
8000,1024,16.883,2.337,7.223,malloc is faster
7000,4096,14.073,3.632,3.874,malloc is faster
5000,16384,11.195,7.837,1.429,malloc is faster
1000,65536,4.757,5.606,0.849,wm_malloc is faster
500,262144,33.803,15.255,2.216,malloc is faster
100,1048576,22.225,23.758,0.935,wm_malloc is faster
80,1048576,18.817,18.716,1.005,malloc is faster
70,1048576,16.354,19.187,0.852,wm_malloc is faster
30,1048576,8.025,8.165,0.983,wm_malloc is faster
20,1048576,4.438,5.158,0.860,wm_malloc is faster
10000,128,25.165,0.717,35.108,malloc is faster
9000,256,20.376,1.696,12.011,malloc is faster
8000,1024,16.703,1.471,11.354,malloc is faster
7000,4096,14.262,2.641,5.401,malloc is faster
5000,16384,11.637,9.005,1.292,malloc is faster
1000,65536,3.964,7.212,0.550,wm_malloc is faster
500,262144,34.207,18.757,1.824,malloc is faster
100,1048576,23.349,24.171,0.966,wm_malloc is faster
80,1048576,19.078,20.769,0.919,wm_malloc is faster
70,1048576,15.681,16.717,0.938,wm_malloc is faster
30,1048576,6.481,7.815,0.829,wm_malloc is faster
20,1048576,3.986,4.309,0.925,wm_malloc is faster
10000,128,25.107,0.692,36.292,malloc is faster
9000,256,20.333,0.743,27.366,malloc is faster
8000,1024,16.712,1.483,11.272,malloc is faster
7000,4096,15.513,4.875,3.182,malloc is faster
5000,16384,11.181,6.722,1.663,malloc is faster
1000,65536,6.354,5.066,1.254,malloc is faster
500,262144,33.168,13.770,2.409,malloc is faster
100,1048576,22.327,23.057,0.968,wm_malloc is faster
80,1048576,18.448,19.020,0.970,wm_malloc is faster
70,1048576,16.976,19.109,0.888,wm_malloc is faster
30,1048576,6.183,9.189,0.673,wm_malloc is faster
20,1048576,5.782,5.061,1.142,malloc is faster
10000,128,25.067,0.736,34.058,malloc is faster
9000,256,20.399,0.828,24.630,malloc is faster
8000,1024,16.712,1.433,11.664,malloc is faster
7000,4096,14.305,2.921,4.898,malloc is faster
5000,16384,13.379,8.683,1.541,malloc is faster
1000,65536,3.884,5.693,0.682,wm_malloc is faster
500,262144,34.102,13.911,2.452,malloc is faster
100,1048576,25.551,22.990,1.111,malloc is faster
80,1048576,19.440,21.190,0.917,wm_malloc is faster
70,1048576,16.491,18.547,0.889,wm_malloc is faster
30,1048576,6.056,9.604,0.631,wm_malloc is faster
20,1048576,3.981,6.140,0.648,wm_malloc is faster
10000,128,25.161,1.284,19.603,malloc is faster
9000,256,20.270,0.724,27.997,malloc is faster
8000,1024,17.146,2.631,6.518,malloc is faster
7000,4096,14.159,2.868,4.936,malloc is faster
5000,16384,13.848,7.954,1.741,malloc is faster
1000,65536,4.325,6.032,0.717,wm_malloc is faster
500,262144,33.394,21.325,1.566,malloc is faster
100,1048576,23.402,23.044,1.016,malloc is faster
80,1048576,19.640,19.299,1.018,malloc is faster
70,1048576,18.174,17.425,1.043,malloc is faster
30,1048576,6.045,8.675,0.697,wm_malloc is faster
20,1048576,3.863,6.041,0.639,wm_malloc is faster
10000,128,25.070,1.338,18.737,malloc is faster
9000,256,20.362,0.729,27.924,malloc is faster
8000,1024,16.682,1.420,11.746,malloc is faster
7000,4096,14.159,3.154,4.489,malloc is faster
5000,16384,11.532,7.282,1.584,malloc is faster
1000,65536,5.541,5.599,0.990,wm_malloc is faster
500,262144,34.057,13.296,2.562,malloc is faster
100,1048576,22.417,22.897,0.979,wm_malloc is faster
80,1048576,18.242,18.817,0.969,wm_malloc is faster
70,1048576,15.954,18.288,0.872,wm_malloc is faster
30,1048576,6.198,9.216,0.673,wm_malloc is faster
20,1048576,3.870,4.790,0.808,wm_malloc is faster
10000,128,25.052,0.663,37.758,malloc is faster
9000,256,20.362,0.728,27.985,malloc is faster
8000,1024,16.758,1.466,11.427,malloc is faster
7000,4096,14.021,4.609,3.042,malloc is faster
5000,16384,11.529,7.641,1.509,malloc is faster
1000,65536,5.532,5.607,0.987,wm_malloc is faster
500,262144,34.907,15.451,2.259,malloc is faster
100,1048576,21.649,23.631,0.916,wm_malloc is faster
80,1048576,19.219,20.285,0.947,wm_malloc is faster
70,1048576,16.712,18.923,0.883,wm_malloc is faster
30,1048576,8.256,7.918,1.043,malloc is faster
20,1048576,4.983,5.301,0.940,wm_malloc is faster
10000,128,25.857,0.727,35.582,malloc is faster
9000,256,20.376,0.774,26.333,malloc is faster
8000,1024,16.841,1.578,10.670,malloc is faster
7000,4096,14.201,2.914,4.874,malloc is faster
5000,16384,11.780,9.559,1.232,malloc is faster
1000,65536,3.666,7.096,0.517,wm_malloc is faster
500,262144,33.825,15.012,2.253,malloc is faster
100,1048576,24.000,22.294,1.077,malloc is faster
80,1048576,18.994,18.970,1.001,malloc is faster
70,1048576,16.337,18.951,0.862,wm_malloc is faster
30,1048576,6.251,9.598,0.651,wm_malloc is faster
20,1048576,4.016,5.013,0.801,wm_malloc is faster
10000,128,25.111,0.627,40.074,malloc is faster
9000,256,20.283,0.703,28.844,malloc is faster
8000,1024,16.773,1.461,11.477,malloc is faster
7000,4096,14.006,3.412,4.105,malloc is faster
5000,16384,11.090,7.311,1.517,malloc is faster
1000,65536,5.585,5.831,0.958,wm_malloc is faster
500,262144,34.048,14.656,2.323,malloc is faster
100,1048576,22.995,24.194,0.950,wm_malloc is faster
80,1048576,20.989,19.400,1.082,malloc is faster
70,1048576,16.185,18.801,0.861,wm_malloc is faster
30,1048576,7.879,7.742,1.018,malloc is faster
20,1048576,4.601,4.267,1.078,malloc is faster
10000,128,25.225,0.683,36.911,malloc is faster
9000,256,20.340,0.744,27.350,malloc is faster
8000,1024,16.750,1.421,11.791,malloc is faster
7000,4096,14.075,2.830,4.974,malloc is faster
5000,16384,13.416,8.566,1.566,malloc is faster
1000,65536,3.795,7.717,0.492,wm_malloc is faster
500,262144,33.732,13.401,2.517,malloc is faster
100,1048576,25.183,22.370,1.126,malloc is faster
80,1048576,18.575,18.468,1.006,malloc is faster
70,1048576,16.418,18.384,0.893,wm_malloc is faster
30,1048576,6.645,9.101,0.730,wm_malloc is faster
20,1048576,4.032,4.305,0.936,wm_malloc is faster
10000,128,25.110,0.690,36.391,malloc is faster
9000,256,20.412,0.789,25.867,malloc is faster
8000,1024,16.737,1.438,11.641,malloc is faster
7000,4096,13.893,5.083,2.733,malloc is faster
5000,16384,12.065,8.015,1.505,malloc is faster
1000,65536,4.953,6.210,0.798,wm_malloc is faster
500,262144,34.138,13.819,2.470,malloc is faster
100,1048576,22.661,24.340,0.931,wm_malloc is faster
80,1048576,18.934,21.253,0.891,wm_malloc is faster
70,1048576,17.002,20.471,0.831,wm_malloc is faster
30,1048576,9.254,9.598,0.964,wm_malloc is faster
20,1048576,3.978,4.495,0.885,wm_malloc is faster
10000,128,25.107,0.722,34.775,malloc is faster
9000,256,20.403,0.769,26.546,malloc is faster
8000,1024,16.823,1.504,11.187,malloc is faster
7000,4096,14.015,4.452,3.148,malloc is faster
5000,16384,11.779,6.857,1.718,malloc is faster
1000,65536,5.620,5.030,1.117,malloc is faster
500,262144,33.943,14.832,2.289,malloc is faster
100,1048576,23.858,22.658,1.053,malloc is faster
80,1048576,18.498,18.844,0.982,wm_malloc is faster
70,1048576,15.150,21.784,0.695,wm_malloc is faster
30,1048576,6.130,9.238,0.664,wm_malloc is faster
20,1048576,5.430,4.435,1.224,malloc is faster
10000,128,25.672,0.695,36.923,malloc is faster
9000,256,20.444,0.756,27.035,malloc is faster
8000,1024,16.815,1.693,9.932,malloc is faster
7000,4096,14.455,2.788,5.184,malloc is faster
5000,16384,12.722,8.886,1.432,malloc is faster
1000,65536,4.181,5.491,0.761,wm_malloc is faster
500,262144,33.853,13.934,2.430,malloc is faster
100,1048576,22.918,23.199,0.988,wm_malloc is faster
80,1048576,17.796,20.812,0.855,wm_malloc is faster
70,1048576,16.088,16.663,0.965,wm_malloc is faster
30,1048576,7.549,7.478,1.009,malloc is faster
20,1048576,3.898,4.305,0.905,wm_malloc is faster
10000,128,25.530,0.714,35.781,malloc is faster
9000,256,20.304,0.782,25.974,malloc is faster
8000,1024,16.733,1.448,11.555,malloc is faster
7000,4096,14.058,3.240,4.339,malloc is faster
5000,16384,11.581,8.669,1.336,malloc is faster
1000,65536,4.242,7.177,0.591,wm_malloc is faster
500,262144,34.125,13.395,2.547,malloc is faster
100,1048576,23.870,22.739,1.050,malloc is faster
80,1048576,18.729,20.815,0.900,wm_malloc is faster
70,1048576,16.703,18.083,0.924,wm_malloc is faster
30,1048576,6.691,7.832,0.854,wm_malloc is faster
20,1048576,3.857,4.367,0.883,wm_malloc is faster
10000,128,25.199,0.672,37.510,malloc is faster
9000,256,20.331,0.711,28.591,malloc is faster
8000,1024,16.726,1.451,11.528,malloc is faster
7000,4096,14.038,3.083,4.554,malloc is faster
5000,16384,12.190,10.895,1.119,malloc is faster
1000,65536,6.769,5.682,1.191,malloc is faster
500,262144,33.517,13.934,2.405,malloc is faster
100,1048576,23.015,23.293,0.988,wm_malloc is faster
80,1048576,18.532,21.147,0.876,wm_malloc is faster
70,1048576,17.746,19.529,0.909,wm_malloc is faster
30,1048576,7.819,8.387,0.932,wm_malloc is faster
20,1048576,3.996,4.400,0.908,wm_malloc is faster
10000,128,25.868,0.843,30.686,malloc is faster
9000,256,20.608,0.741,27.829,malloc is faster
8000,1024,16.829,1.501,11.210,malloc is faster
7000,4096,15.097,2.813,5.367,malloc is faster
5000,16384,11.461,9.695,1.182,malloc is faster
1000,65536,5.754,5.659,1.017,malloc is faster
500,262144,33.950,13.713,2.476,malloc is faster
100,1048576,22.904,23.494,0.975,wm_malloc is faster
80,1048576,18.474,18.774,0.984,wm_malloc is faster
70,1048576,16.641,19.327,0.861,wm_malloc is faster
30,1048576,6.266,8.695,0.721,wm_malloc is faster
20,1048576,5.188,4.534,1.144,malloc is faster
10000,128,25.065,0.663,37.811,malloc is faster
9000,256,20.385,0.801,25.437,malloc is faster
8000,1024,16.917,1.470,11.508,malloc is faster
7000,4096,14.172,2.792,5.075,malloc is faster
5000,16384,13.118,7.342,1.787,malloc is faster
1000,65536,3.782,18.464,0.205,wm_malloc is faster
500,262144,34.404,28.575,1.204,malloc is faster
100,1048576,21.860,23.584,0.927,wm_malloc is faster
80,1048576,18.237,19.611,0.930,wm_malloc is faster
70,1048576,15.309,21.006,0.729,wm_malloc is faster
30,1048576,5.997,8.252,0.727,wm_malloc is faster
20,1048576,3.920,5.657,0.693,wm_malloc is faster
10000,128,25.142,12.004,2.094,malloc is faster
9000,256,20.364,1.063,19.150,malloc is faster
8000,1024,16.913,2.969,5.697,malloc is faster
7000,4096,14.109,10.542,1.338,malloc is faster
5000,16384,12.342,29.308,0.421,wm_malloc is faster
1000,65536,6.343,8.110,0.782,wm_malloc is faster
500,262144,33.467,17.811,1.879,malloc is faster
100,1048576,22.638,26.799,0.845,wm_malloc is faster
80,1048576,20.443,20.066,1.019,malloc is faster
70,1048576,16.695,18.069,0.924,wm_malloc is faster
30,1048576,6.397,7.630,0.838,wm_malloc is faster
20,1048576,3.909,4.496,0.869,wm_malloc is faster
10000,128,25.152,0.752,33.434,malloc is faster
9000,256,20.660,0.739,27.952,malloc is faster
8000,1024,16.685,1.600,10.429,malloc is faster
7000,4096,15.728,4.630,3.397,malloc is faster
5000,16384,11.855,7.832,1.514,malloc is faster
1000,65536,5.656,5.348,1.057,malloc is faster
500,262144,33.695,18.116,1.860,malloc is faster
100,1048576,22.374,22.971,0.974,wm_malloc is faster
80,1048576,18.743,20.633,0.908,wm_malloc is faster
70,1048576,14.834,21.889,0.678,wm_malloc is faster
30,1048576,6.298,8.716,0.723,wm_malloc is faster
20,1048576,5.586,5.286,1.057,malloc is faster
10000,128,25.015,0.713,35.109,malloc is faster
9000,256,20.351,0.753,27.019,malloc is faster
8000,1024,16.747,1.427,11.740,malloc is faster
7000,4096,14.128,2.789,5.065,malloc is faster
5000,16384,12.746,8.787,1.451,malloc is faster
1000,65536,4.365,5.025,0.869,wm_malloc is faster
500,262144,33.589,13.947,2.408,malloc is faster
100,1048576,22.278,24.636,0.904,wm_malloc is faster
80,1048576,18.158,18.788,0.966,wm_malloc is faster
70,1048576,16.668,18.123,0.920,wm_malloc is faster
30,1048576,7.690,8.677,0.886,wm_malloc is faster
20,1048576,5.047,4.365,1.156,malloc is faster
10000,128,25.290,0.696,36.326,malloc is faster
9000,256,20.436,0.750,27.240,malloc is faster
8000,1024,16.676,1.433,11.638,malloc is faster
7000,4096,14.955,3.409,4.386,malloc is faster
5000,16384,12.601,7.912,1.593,malloc is faster
1000,65536,4.132,5.204,0.794,wm_malloc is faster
500,262144,33.617,15.492,2.170,malloc is faster
100,1048576,22.449,23.170,0.969,wm_malloc is faster
80,1048576,18.016,19.785,0.911,wm_malloc is faster
70,1048576,15.847,17.152,0.924,wm_malloc is faster
30,1048576,7.525,6.657,1.130,malloc is faster
20,1048576,5.051,4.386,1.152,malloc is faster
10000,128,25.113,0.736,34.112,malloc is faster
9000,256,20.519,0.767,26.766,malloc is faster
8000,1024,16.751,1.436,11.663,malloc is faster
7000,4096,14.033,3.994,3.514,malloc is faster
5000,16384,13.138,8.594,1.529,malloc is faster
1000,65536,3.917,7.150,0.548,wm_malloc is faster
500,262144,34.159,14.287,2.391,malloc is faster
100,1048576,27.201,26.824,1.014,malloc is faster
80,1048576,18.454,18.973,0.973,wm_malloc is faster
70,1048576,16.350,16.859,0.970,wm_malloc is faster
30,1048576,7.875,8.078,0.975,wm_malloc is faster
20,1048576,4.402,4.543,0.969,wm_malloc is faster
10000,128,25.193,0.676,37.273,malloc is faster
9000,256,20.426,0.756,27.022,malloc is faster
8000,1024,16.688,1.440,11.585,malloc is faster
7000,4096,14.070,2.792,5.040,malloc is faster
5000,16384,13.365,8.918,1.499,malloc is faster
1000,65536,4.160,7.744,0.537,wm_malloc is faster
500,262144,33.843,14.497,2.334,malloc is faster
100,1048576,23.415,22.246,1.053,malloc is faster
80,1048576,18.791,19.198,0.979,wm_malloc is faster
70,1048576,17.730,16.904,1.049,malloc is faster
30,1048576,8.025,9.031,0.889,wm_malloc is faster
20,1048576,4.006,5.894,0.680,wm_malloc is faster
10000,128,25.069,1.466,17.095,malloc is faster
9000,256,20.302,0.751,27.038,malloc is faster
8000,1024,16.716,1.391,12.021,malloc is faster
7000,4096,13.953,3.553,3.928,malloc is faster
5000,16384,11.239,6.766,1.661,malloc is faster
1000,65536,5.869,5.093,1.152,malloc is faster
500,262144,34.075,19.802,1.721,malloc is faster
100,1048576,21.949,23.095,0.950,wm_malloc is faster
80,1048576,18.444,20.609,0.895,wm_malloc is faster
70,1048576,17.698,18.199,0.972,wm_malloc is faster
30,1048576,6.305,9.277,0.680,wm_malloc is faster
20,1048576,3.940,5.507,0.715,wm_malloc is faster
10000,128,25.057,0.670,37.399,malloc is faster
9000,256,20.333,0.705,28.837,malloc is faster
8000,1024,17.929,1.596,11.231,malloc is faster
7000,4096,14.088,2.858,4.929,malloc is faster
5000,16384,13.211,7.097,1.861,malloc is faster
1000,65536,3.743,5.208,0.719,wm_malloc is faster
500,262144,32.543,14.999,2.170,malloc is faster
100,1048576,22.905,23.035,0.994,wm_malloc is faster
80,1048576,20.654,18.589,1.111,malloc is faster
70,1048576,16.619,18.937,0.878,wm_malloc is faster
30,1048576,8.796,8.683,1.013,malloc is faster
20,1048576,4.041,4.688,0.862,wm_malloc is faster
10000,128,24.977,0.712,35.105,malloc is faster
9000,256,20.400,0.790,25.823,malloc is faster
8000,1024,16.864,1.727,9.765,malloc is faster
7000,4096,14.268,2.776,5.141,malloc is faster
5000,16384,12.607,8.771,1.437,malloc is faster
1000,65536,4.229,7.860,0.538,wm_malloc is faster
500,262144,35.531,21.862,1.625,malloc is faster
100,1048576,22.830,23.503,0.971,wm_malloc is faster
80,1048576,18.814,20.959,0.898,wm_malloc is faster
70,1048576,16.180,20.331,0.796,wm_malloc is faster
30,1048576,6.087,9.226,0.660,wm_malloc is faster
20,1048576,5.460,4.724,1.156,malloc is faster
10000,128,25.153,0.661,38.047,malloc is faster
9000,256,20.346,0.700,29.078,malloc is faster
8000,1024,16.697,1.414,11.809,malloc is faster
7000,4096,14.198,2.828,5.021,malloc is faster
5000,16384,13.458,9.818,1.371,malloc is faster
1000,65536,5.162,7.474,0.691,wm_malloc is faster
500,262144,34.146,13.526,2.524,malloc is faster
100,1048576,24.334,24.193,1.006,malloc is faster
80,1048576,18.713,19.741,0.948,wm_malloc is faster
70,1048576,15.512,19.559,0.793,wm_malloc is faster
30,1048576,6.207,8.760,0.709,wm_malloc is faster
20,1048576,3.837,6.267,0.612,wm_malloc is faster
10000,128,25.110,1.199,20.941,malloc is faster
9000,256,20.389,0.746,27.316,malloc is faster
8000,1024,16.698,1.420,11.761,malloc is faster
7000,4096,14.016,2.731,5.133,malloc is faster
5000,16384,11.741,6.774,1.733,malloc is faster
1000,65536,5.472,5.049,1.084,malloc is faster
500,262144,33.664,13.207,2.549,malloc is faster
100,1048576,26.021,27.431,0.949,wm_malloc is faster
80,1048576,18.034,20.076,0.898,wm_malloc is faster
70,1048576,16.980,17.645,0.962,wm_malloc is faster
30,1048576,7.953,7.708,1.032,malloc is faster
20,1048576,3.941,5.114,0.771,wm_malloc is faster
10000,128,25.180,0.684,36.808,malloc is faster
9000,256,20.441,1.393,14.674,malloc is faster
8000,1024,16.774,1.504,11.155,malloc is faster
7000,4096,14.705,3.300,4.456,malloc is faster
5000,16384,11.075,8.941,1.239,malloc is faster
1000,65536,4.780,7.328,0.652,wm_malloc is faster
500,262144,33.994,14.240,2.387,malloc is faster
100,1048576,25.805,23.097,1.117,malloc is faster
80,1048576,18.824,20.793,0.905,wm_malloc is faster
70,1048576,15.552,21.256,0.732,wm_malloc is faster
30,1048576,7.041,8.392,0.839,wm_malloc is faster
20,1048576,5.662,4.322,1.310,malloc is faster
10000,128,25.081,0.696,36.061,malloc is faster
9000,256,20.334,0.744,27.338,malloc is faster
8000,1024,16.756,1.386,12.090,malloc is faster
7000,4096,14.520,2.800,5.185,malloc is faster
5000,16384,13.264,8.962,1.480,malloc is faster
1000,65536,4.156,7.450,0.558,wm_malloc is faster
500,262144,34.174,13.659,2.502,malloc is faster
100,1048576,23.996,21.767,1.102,malloc is faster
80,1048576,18.744,19.395,0.966,wm_malloc is faster
70,1048576,17.336,19.151,0.905,wm_malloc is faster
30,1048576,6.418,9.474,0.677,wm_malloc is faster
20,1048576,4.110,6.693,0.614,wm_malloc is faster
10000,128,25.129,0.954,26.338,malloc is faster
9000,256,20.304,0.699,29.043,malloc is faster
8000,1024,16.710,1.412,11.833,malloc is faster
7000,4096,14.081,3.265,4.313,malloc is faster
5000,16384,11.119,7.372,1.508,malloc is faster
1000,65536,5.588,5.610,0.996,wm_malloc is faster
500,262144,33.538,13.810,2.429,malloc is faster
100,1048576,22.194,23.093,0.961,wm_malloc is faster
80,1048576,18.534,19.500,0.950,wm_malloc is faster
70,1048576,17.969,16.788,1.070,malloc is faster
30,1048576,7.405,7.152,1.035,malloc is faster
20,1048576,5.080,4.371,1.162,malloc is faster
10000,128,25.203,0.706,35.718,malloc is faster
9000,256,20.403,0.744,27.423,malloc is faster
8000,1024,16.732,1.387,12.067,malloc is faster
7000,4096,14.075,2.678,5.256,malloc is faster
5000,16384,13.349,6.911,1.932,malloc is faster
1000,65536,3.720,5.084,0.732,wm_malloc is faster
500,262144,33.464,13.152,2.544,malloc is faster
100,1048576,22.372,23.192,0.965,wm_malloc is faster
80,1048576,18.524,20.585,0.900,wm_malloc is faster
70,1048576,18.873,18.628,1.013,malloc is faster
30,1048576,6.993,8.556,0.817,wm_malloc is faster
20,1048576,5.072,4.418,1.148,malloc is faster
10000,128,25.098,0.645,38.936,malloc is faster
9000,256,20.338,0.737,27.615,malloc is faster
8000,1024,16.862,1.539,10.956,malloc is faster
7000,4096,14.069,2.816,4.997,malloc is faster
5000,16384,13.228,7.641,1.731,malloc is faster
1000,65536,3.878,5.551,0.699,wm_malloc is faster
500,262144,36.064,17.849,2.021,malloc is faster
100,1048576,23.080,22.594,1.022,malloc is faster
80,1048576,18.342,19.461,0.942,wm_malloc is faster
70,1048576,16.385,18.250,0.898,wm_malloc is faster
30,1048576,6.535,7.567,0.864,wm_malloc is faster
20,1048576,3.856,4.403,0.876,wm_malloc is faster
10000,128,25.122,0.696,36.111,malloc is faster
9000,256,20.439,0.816,25.038,malloc is faster
8000,1024,16.684,1.454,11.475,malloc is faster
7000,4096,14.791,5.088,2.907,malloc is faster
5000,16384,11.790,7.268,1.622,malloc is faster
1000,65536,5.341,5.578,0.958,wm_malloc is faster
500,262144,33.434,13.516,2.474,malloc is faster
100,1048576,23.171,23.474,0.987,wm_malloc is faster
80,1048576,18.492,20.138,0.918,wm_malloc is faster
70,1048576,17.729,18.716,0.947,wm_malloc is faster
30,1048576,8.093,7.555,1.071,malloc is faster
20,1048576,3.976,4.340,0.916,wm_malloc is faster
10000,128,25.081,0.678,36.982,malloc is faster
9000,256,20.402,1.495,13.649,malloc is faster
8000,1024,16.765,1.410,11.893,malloc is faster
7000,4096,14.165,2.850,4.971,malloc is faster
5000,16384,11.575,9.298,1.245,malloc is faster
1000,65536,3.933,7.667,0.513,wm_malloc is faster
500,262144,33.931,13.853,2.449,malloc is faster
100,1048576,24.372,28.290,0.862,wm_malloc is faster
80,1048576,18.222,19.301,0.944,wm_malloc is faster
70,1048576,16.351,18.162,0.900,wm_malloc is faster
30,1048576,6.258,8.927,0.701,wm_malloc is faster
20,1048576,3.836,4.458,0.860,wm_malloc is faster
10000,128,25.111,0.683,36.787,malloc is faster
9000,256,20.321,0.732,27.757,malloc is faster
8000,1024,16.723,1.409,11.872,malloc is faster
7000,4096,13.919,4.437,3.137,malloc is faster
5000,16384,12.016,6.774,1.774,malloc is faster
1000,65536,5.427,18.115,0.300,wm_malloc is faster
500,262144,34.392,28.522,1.206,malloc is faster
100,1048576,22.806,24.946,0.914,wm_malloc is faster
80,1048576,19.722,20.083,0.982,wm_malloc is faster
70,1048576,17.944,18.077,0.993,wm_malloc is faster
30,1048576,6.248,8.782,0.711,wm_malloc is faster
20,1048576,5.237,5.638,0.929,wm_malloc is faster
10000,128,25.207,0.862,29.245,malloc is faster
9000,256,20.448,1.186,17.239,malloc is faster
8000,1024,17.810,2.343,7.602,malloc is faster
7000,4096,14.989,6.827,2.196,malloc is faster
5000,16384,11.981,23.166,0.517,wm_malloc is faster
1000,65536,4.200,9.222,0.455,wm_malloc is faster
500,262144,33.852,19.361,1.748,malloc is faster
100,1048576,22.586,23.060,0.979,wm_malloc is faster
80,1048576,17.930,18.571,0.965,wm_malloc is faster
70,1048576,17.007,19.613,0.867,wm_malloc is faster
30,1048576,6.263,8.719,0.718,wm_malloc is faster
20,1048576,5.257,4.380,1.200,malloc is faster
10000,128,25.118,0.772,32.532,malloc is faster
9000,256,20.334,0.776,26.208,malloc is faster
8000,1024,16.727,1.472,11.368,malloc is faster
7000,4096,13.922,14.560,0.956,wm_malloc is faster
5000,16384,11.832,27.639,0.428,wm_malloc is faster
1000,65536,3.719,9.799,0.380,wm_malloc is faster
500,262144,34.184,21.367,1.600,malloc is faster
100,1048576,22.446,22.978,0.977,wm_malloc is faster
80,1048576,21.515,18.909,1.138,malloc is faster
70,1048576,16.350,17.881,0.914,wm_malloc is faster
30,1048576,6.581,8.655,0.760,wm_malloc is faster
20,1048576,3.901,4.327,0.902,wm_malloc is faster
10000,128,25.062,0.691,36.253,malloc is faster
9000,256,20.359,0.700,29.088,malloc is faster
8000,1024,16.735,1.426,11.733,malloc is faster
7000,4096,14.020,5.192,2.700,malloc is faster
5000,16384,11.171,7.772,1.437,malloc is faster
1000,65536,5.646,5.198,1.086,malloc is faster
500,262144,33.460,18.153,1.843,malloc is faster
100,1048576,22.413,23.764,0.943,wm_malloc is faster
80,1048576,22.838,18.625,1.226,malloc is faster
70,1048576,18.748,17.641,1.063,malloc is faster
30,1048576,6.043,9.055,0.667,wm_malloc is faster
20,1048576,5.140,4.707,1.092,malloc is faster
10000,128,25.102,0.752,33.359,malloc is faster
9000,256,20.404,0.971,21.005,malloc is faster
8000,1024,16.880,1.513,11.154,malloc is faster
7000,4096,14.236,3.009,4.730,malloc is faster
5000,16384,13.386,8.980,1.491,malloc is faster
1000,65536,4.273,7.393,0.578,wm_malloc is faster
500,262144,33.912,13.735,2.469,malloc is faster
100,1048576,23.241,22.056,1.054,malloc is faster
80,1048576,19.341,20.103,0.962,wm_malloc is faster
70,1048576,16.443,16.933,0.971,wm_malloc is faster
30,1048576,6.708,7.433,0.902,wm_malloc is faster
20,1048576,3.947,4.517,0.874,wm_malloc is faster
10000,128,25.084,0.700,35.819,malloc is faster
9000,256,21.017,0.714,29.436,malloc is faster
8000,1024,16.701,1.470,11.362,malloc is faster
7000,4096,15.108,4.806,3.144,malloc is faster
5000,16384,11.149,6.839,1.630,malloc is faster
1000,65536,6.273,5.341,1.175,malloc is faster
500,262144,34.103,15.707,2.171,malloc is faster
100,1048576,22.967,22.973,1.000,wm_malloc is faster
80,1048576,18.686,20.723,0.902,wm_malloc is faster
70,1048576,15.996,19.820,0.807,wm_malloc is faster
30,1048576,6.036,8.912,0.677,wm_malloc is faster
20,1048576,4.968,5.223,0.951,wm_malloc is faster
10000,128,25.045,0.650,38.525,malloc is faster
9000,256,20.277,0.703,28.831,malloc is faster
8000,1024,16.679,1.413,11.804,malloc is faster
7000,4096,14.053,2.828,4.969,malloc is faster
5000,16384,12.855,8.106,1.586,malloc is faster
1000,65536,3.928,5.659,0.694,wm_malloc is faster
500,262144,33.942,14.171,2.395,malloc is faster
100,1048576,24.402,21.959,1.111,malloc is faster
80,1048576,17.897,20.429,0.876,wm_malloc is faster
70,1048576,16.599,16.465,1.008,malloc is faster
30,1048576,7.534,7.447,1.012,malloc is faster
20,1048576,3.938,4.362,0.903,wm_malloc is faster
10000,128,25.091,0.658,38.109,malloc is faster
9000,256,20.426,1.634,12.504,malloc is faster
8000,1024,16.793,1.435,11.706,malloc is faster
7000,4096,14.111,2.810,5.022,malloc is faster
5000,16384,11.501,9.082,1.266,malloc is faster
1000,65536,4.370,7.038,0.621,wm_malloc is faster
500,262144,34.536,14.620,2.362,malloc is faster
100,1048576,22.963,23.430,0.980,wm_malloc is faster
80,1048576,19.373,22.728,0.852,wm_malloc is faster
70,1048576,15.519,16.838,0.922,wm_malloc is faster
30,1048576,6.425,8.393,0.765,wm_malloc is faster
20,1048576,3.932,5.163,0.762,wm_malloc is faster
10000,128,26.129,0.758,34.470,malloc is faster
9000,256,20.364,0.786,25.895,malloc is faster
8000,1024,16.701,1.443,11.576,malloc is faster
7000,4096,14.172,2.953,4.800,malloc is faster
5000,16384,13.051,9.198,1.419,malloc is faster
1000,65536,3.926,6.830,0.575,wm_malloc is faster
500,262144,33.320,13.583,2.453,malloc is faster
100,1048576,23.468,22.717,1.033,malloc is faster
80,1048576,19.047,20.761,0.917,wm_malloc is faster
70,1048576,16.274,16.719,0.973,wm_malloc is faster
30,1048576,7.458,7.379,1.011,malloc is faster
20,1048576,3.839,4.397,0.873,wm_malloc is faster
10000,128,25.600,0.649,39.421,malloc is faster
9000,256,20.345,0.811,25.074,malloc is faster
8000,1024,16.814,1.454,11.561,malloc is faster
7000,4096,14.282,3.184,4.486,malloc is faster
5000,16384,10.907,9.930,1.098,malloc is faster
1000,65536,4.616,7.695,0.600,wm_malloc is faster
500,262144,34.149,13.505,2.529,malloc is faster
100,1048576,22.723,23.200,0.979,wm_malloc is faster
80,1048576,18.888,21.054,0.897,wm_malloc is faster
70,1048576,16.596,17.549,0.946,wm_malloc is faster
30,1048576,6.160,8.889,0.693,wm_malloc is faster
20,1048576,3.930,6.329,0.621,wm_malloc is faster
10000,128,24.670,1.118,22.074,malloc is faster
9000,256,20.205,0.817,24.730,malloc is faster
8000,1024,17.341,2.524,6.870,malloc is faster
7000,4096,14.029,2.841,4.937,malloc is faster
5000,16384,11.000,7.609,1.446,malloc is faster
1000,65536,3.648,5.275,0.692,wm_malloc is faster
500,262144,33.774,16.451,2.053,malloc is faster
100,1048576,22.156,22.709,0.976,wm_malloc is faster
80,1048576,17.972,19.720,0.911,wm_malloc is faster
70,1048576,15.995,16.667,0.960,wm_malloc is faster
30,1048576,6.269,10.519,0.596,wm_malloc is faster
20,1048576,5.120,4.324,1.184,malloc is faster
10000,128,25.090,0.608,41.246,malloc is faster
9000,256,20.316,0.657,30.941,malloc is faster
8000,1024,16.619,1.416,11.735,malloc is faster
7000,4096,14.031,2.829,4.960,malloc is faster
5000,16384,12.709,7.265,1.749,malloc is faster
1000,65536,4.638,6.490,0.715,wm_malloc is faster
500,262144,34.685,13.969,2.483,malloc is faster
100,1048576,23.274,23.750,0.980,wm_malloc is faster
80,1048576,19.547,21.003,0.931,wm_malloc is faster
70,1048576,18.853,16.873,1.117,malloc is faster
30,1048576,6.247,11.270,0.554,wm_malloc is faster
20,1048576,4.754,6.910,0.688,wm_malloc is faster
10000,128,25.340,0.737,34.392,malloc is faster
9000,256,20.372,0.900,22.645,malloc is faster
8000,1024,16.845,1.452,11.600,malloc is faster
7000,4096,14.133,2.953,4.786,malloc is faster
5000,16384,13.465,7.312,1.842,malloc is faster
1000,65536,4.184,5.024,0.833,wm_malloc is faster
500,262144,33.410,13.504,2.474,malloc is faster
100,1048576,22.220,23.631,0.940,wm_malloc is faster
80,1048576,18.650,20.612,0.905,wm_malloc is faster
70,1048576,16.395,17.855,0.918,wm_malloc is faster
30,1048576,6.508,9.546,0.682,wm_malloc is faster
20,1048576,5.064,4.324,1.171,malloc is faster
10000,128,25.106,0.665,37.748,malloc is faster
9000,256,20.416,0.839,24.340,malloc is faster
8000,1024,16.726,1.414,11.827,malloc is faster
7000,4096,14.644,3.223,4.543,malloc is faster
5000,16384,12.570,7.853,1.601,malloc is faster
1000,65536,4.340,5.478,0.792,wm_malloc is faster
500,262144,34.181,15.553,2.198,malloc is faster
100,1048576,23.150,23.091,1.003,malloc is faster
80,1048576,18.522,19.518,0.949,wm_malloc is faster
70,1048576,16.382,16.406,0.999,wm_malloc is faster
30,1048576,7.583,7.686,0.987,wm_malloc is faster
20,1048576,3.836,4.561,0.841,wm_malloc is faster
10000,128,25.152,0.684,36.782,malloc is faster
9000,256,20.366,1.535,13.268,malloc is faster
8000,1024,16.747,1.406,11.910,malloc is faster
7000,4096,14.005,2.902,4.827,malloc is faster
5000,16384,11.488,8.968,1.281,malloc is faster
1000,65536,3.945,7.610,0.518,wm_malloc is faster
500,262144,33.577,16.523,2.032,malloc is faster
100,1048576,24.976,23.086,1.082,malloc is faster
80,1048576,21.355,19.121,1.117,malloc is faster
70,1048576,16.846,17.795,0.947,wm_malloc is faster
30,1048576,6.905,7.519,0.918,wm_malloc is faster
20,1048576,3.877,4.360,0.889,wm_malloc is faster
10000,128,25.032,0.626,39.961,malloc is faster
9000,256,20.312,0.712,28.544,malloc is faster
8000,1024,16.751,1.408,11.897,malloc is faster
7000,4096,15.305,4.784,3.199,malloc is faster
5000,16384,11.635,7.908,1.471,malloc is faster
1000,65536,6.707,6.099,1.100,malloc is faster
500,262144,33.965,14.356,2.366,malloc is faster
100,1048576,22.782,25.529,0.892,wm_malloc is faster
80,1048576,18.158,19.414,0.935,wm_malloc is faster
70,1048576,17.200,18.527,0.928,wm_malloc is faster
30,1048576,9.203,8.739,1.053,malloc is faster
20,1048576,4.171,4.539,0.919,wm_malloc is faster
10000,128,25.083,0.740,33.883,malloc is faster
9000,256,21.281,0.777,27.392,malloc is faster
8000,1024,16.850,1.431,11.777,malloc is faster
7000,4096,15.193,4.782,3.177,malloc is faster
5000,16384,11.119,6.888,1.614,malloc is faster
1000,65536,5.845,5.061,1.155,malloc is faster
500,262144,33.677,13.108,2.569,malloc is faster
100,1048576,22.598,23.560,0.959,wm_malloc is faster
80,1048576,19.144,21.174,0.904,wm_malloc is faster
70,1048576,16.026,18.293,0.876,wm_malloc is faster
30,1048576,6.314,8.888,0.710,wm_malloc is faster
20,1048576,3.954,4.388,0.901,wm_malloc is faster
10000,128,25.049,0.624,40.155,malloc is faster
9000,256,20.406,0.730,27.969,malloc is faster
8000,1024,16.770,1.661,10.095,malloc is faster
7000,4096,14.494,4.075,3.557,malloc is faster
5000,16384,11.158,7.262,1.537,malloc is faster
1000,65536,5.029,5.186,0.970,wm_malloc is faster
500,262144,33.625,13.472,2.496,malloc is faster
100,1048576,23.247,22.842,1.018,malloc is faster
80,1048576,18.626,20.342,0.916,wm_malloc is faster
70,1048576,17.847,18.907,0.944,wm_malloc is faster
30,1048576,6.186,9.102,0.680,wm_malloc is faster
20,1048576,5.486,4.386,1.251,malloc is faster
10000,128,25.109,0.673,37.293,malloc is faster
9000,256,20.331,0.816,24.922,malloc is faster
8000,1024,16.741,1.379,12.137,malloc is faster
7000,4096,14.032,2.849,4.925,malloc is faster
5000,16384,12.602,8.795,1.433,malloc is faster
1000,65536,4.158,17.657,0.235,wm_malloc is faster
500,262144,34.801,28.718,1.212,malloc is faster
100,1048576,22.284,22.797,0.978,wm_malloc is faster
80,1048576,21.543,18.395,1.171,malloc is faster
70,1048576,17.032,17.479,0.974,wm_malloc is faster
30,1048576,7.652,6.551,1.168,malloc is faster
20,1048576,5.004,4.293,1.166,malloc is faster
10000,128,25.095,0.830,30.246,malloc is faster
9000,256,20.347,1.156,17.604,malloc is faster
8000,1024,18.186,3.145,5.782,malloc is faster
7000,4096,14.436,6.312,2.287,malloc is faster
5000,16384,12.360,21.924,0.564,wm_malloc is faster
1000,65536,3.919,9.768,0.401,wm_malloc is faster
500,262144,33.791,17.743,1.904,malloc is faster
100,1048576,23.069,26.006,0.887,wm_malloc is faster
80,1048576,21.477,24.415,0.880,wm_malloc is faster
70,1048576,16.273,16.669,0.976,wm_malloc is faster
30,1048576,7.322,7.045,1.039,malloc is faster
20,1048576,4.116,4.395,0.936,wm_malloc is faster
10000,128,25.232,0.735,34.310,malloc is faster
9000,256,20.382,1.825,11.170,malloc is faster
8000,1024,16.787,1.532,10.957,malloc is faster
7000,4096,14.038,15.004,0.936,wm_malloc is faster
5000,16384,13.289,30.039,0.442,wm_malloc is faster
1000,65536,4.172,9.395,0.444,wm_malloc is faster
500,262144,33.450,17.361,1.927,malloc is faster
100,1048576,21.892,24.952,0.877,wm_malloc is faster
80,1048576,18.257,20.419,0.894,wm_malloc is faster
70,1048576,16.922,16.984,0.996,wm_malloc is faster
30,1048576,7.900,8.423,0.938,wm_malloc is faster
20,1048576,4.789,4.587,1.044,malloc is faster
10000,128,25.189,0.713,35.308,malloc is faster
9000,256,20.284,0.722,28.078,malloc is faster
8000,1024,16.729,1.461,11.449,malloc is faster
7000,4096,14.023,2.844,4.930,malloc is faster
5000,16384,12.813,9.607,1.334,malloc is faster
1000,65536,3.829,7.363,0.520,wm_malloc is faster
500,262144,33.372,14.030,2.379,malloc is faster
100,1048576,23.223,23.116,1.005,malloc is faster
80,1048576,22.011,18.010,1.222,malloc is faster
70,1048576,16.124,16.490,0.978,wm_malloc is faster
30,1048576,7.179,7.560,0.950,wm_malloc is faster
20,1048576,3.950,4.398,0.898,wm_malloc is faster
10000,128,25.101,0.681,36.870,malloc is faster
9000,256,20.786,0.787,26.418,malloc is faster
8000,1024,16.677,1.439,11.589,malloc is faster
7000,4096,15.445,4.863,3.176,malloc is faster
5000,16384,11.116,6.739,1.649,malloc is faster
1000,65536,5.886,5.023,1.172,malloc is faster
500,262144,34.120,12.996,2.625,malloc is faster
100,1048576,22.397,23.346,0.959,wm_malloc is faster
80,1048576,18.666,21.694,0.860,wm_malloc is faster
70,1048576,16.069,19.744,0.814,wm_malloc is faster
30,1048576,6.004,8.580,0.700,wm_malloc is faster
20,1048576,3.779,5.812,0.650,wm_malloc is faster
10000,128,25.036,0.865,28.960,malloc is faster
9000,256,20.302,0.768,26.428,malloc is faster
8000,1024,16.816,1.520,11.060,malloc is faster
7000,4096,13.975,2.776,5.035,malloc is faster
5000,16384,11.277,7.225,1.561,malloc is faster
1000,65536,5.652,5.629,1.004,malloc is faster
500,262144,35.923,16.788,2.140,malloc is faster
100,1048576,22.012,23.582,0.933,wm_malloc is faster
80,1048576,18.741,20.049,0.935,wm_malloc is faster
70,1048576,16.592,17.663,0.939,wm_malloc is faster
30,1048576,6.699,6.744,0.993,wm_malloc is faster
20,1048576,4.067,4.287,0.949,wm_malloc is faster
10000,128,25.616,0.667,38.393,malloc is faster
9000,256,20.371,0.838,24.311,malloc is faster
8000,1024,16.748,1.413,11.854,malloc is faster
7000,4096,14.107,2.916,4.838,malloc is faster
5000,16384,11.368,9.304,1.222,malloc is faster
1000,65536,4.525,7.158,0.632,wm_malloc is faster
500,262144,33.529,13.241,2.532,malloc is faster
100,1048576,23.639,25.076,0.943,wm_malloc is faster
80,1048576,18.684,20.530,0.910,wm_malloc is faster
70,1048576,18.276,18.095,1.010,malloc is faster
30,1048576,6.021,8.361,0.720,wm_malloc is faster
20,1048576,3.845,5.642,0.681,wm_malloc is faster
